Title,Point,View,Review,Star,Address,Telephone
사브서울,4.7,22918,25,788,"서울특별시 강남구 논현로175길 6 B1
지번 서울시 강남구 신사동 580-5 B1",02-512-4939
제스트,4.6,14118,28,564,"서울특별시 강남구 도산대로55길 26 하늘빌딩 1F
지번 서울시 강남구 청담동 88-1 하늘빌딩 1F",010-3177-8801
PDR,4.4,14679,12,770,"서울특별시 강남구 언주로134길 24 2F
지번 서울시 강남구 논현동 116-1 2F",02-3444-8880
피아마,4.4,6181,5,276,"서울특별시 강남구 도산대로70길 9 2F
지번 서울시 강남구 청담동 13 2F",0507-1307-5434
화이트와인개러지,4.3,20426,17,943,"서울특별시 강남구 삼성로149길 7 B1
지번 서울시 강남구 청담동 12-15 B1",02-540-7560
파인앤코,4.3,12913,14,519,"서울특별시 강남구 선릉로157길 33 B1
지번 서울시 강남구 신사동 657 B1",0507-1335-7434
임바이브,4.3,9122,9,248,"서울특별시 강남구 강남대로124길 3-9 B1
지번 서울시 강남구 논현동 143-9 B1",02-6951-2880
리커테이션,4.3,13418,14,729,"서울특별시 강남구 압구정로10길 13 마사빌딩 B1
지번 서울시 강남구 신사동 532-4 마사빌딩 B1",02-6339-5337
유희,4.3,3145,7,139,"서울특별시 강남구 도산대로11길 31-8 B1
지번 서울시 강남구 신사동 518-14 B1",02-6014-9808
로비라운지바,4.2,34294,37,495,"서울특별시 강남구 테헤란로 521 그랜드인터컨티넨탈 서울 파르나스 1F
지번 서울시 강남구 삼성동 159-8 그랜드인터컨티넨탈 서울 파르나스 1F",02-559-7603
복싱타이거,4.2,18522,21,668,"서울특별시 강남구 강남대로156길 13 B1
지번 서울시 강남구 신사동 510-3 B1",02-540-2399
획,4.2,10472,8,422,"서울특별시 강남구 강남대로156길 31
지번 서울시 강남구 신사동 517-10",0507-1382-8332
작,4.2,13026,9,417,"서울특별시 강남구 논현로95길 14 1F
지번 서울시 강남구 역삼동 640-11 1F",02-501-2342
장생건강원,4.1,22972,81,977,"서울특별시 강남구 강남대로124길 23
지번 서울시 강남구 논현동 145-12",070-7543-1077
르챔버,4.1,188575,97,5697,"서울특별시 강남구 도산대로55길 42 B1
지번 서울시 강남구 청담동 83-4 B1",02-6337-2014
심퍼티쿠시,4.1,16918,20,601,"서울특별시 강남구 강남대로154길 16 1F 101호
지번 서울시 강남구 신사동 512-3 1F 101호",070-7661-2017
커피 바 K,4.1,38283,57,984,"서울특별시 강남구 언주로 517
지번 서울시 강남구 역삼동 675-3",02-516-1970
와인웍스,4.1,22823,11,687,"서울특별시 강남구 압구정로 165 압구정 현대백화점 본점 B1
지번 서울시 강남구 압구정동 429 압구정 현대백화점 본점 B1",02-3449-5490
봉쥬르와인살롱,4.1,7185,10,101,"서울특별시 강남구 강남대로122길 5 유창빌딩
지번 서울시 강남구 논현동 164-12 유창빌딩",02-547-2001
와인소셜,4.1,3539,7,178,"서울특별시 강남구 압구정로46길 71-1 2F
지번 서울시 강남구 신사동 648-23 2F",0507-1445-0604
폴스타,4,45110,50,1509,"서울특별시 강남구 도산대로45길 10-11
지번 서울시 강남구 신사동 648-14",02-514-3450
하이볼가든,4,52079,36,2025,"서울특별시 강남구 논현로161길 39
지번 서울시 강남구 신사동 552-3",070-8886-4636
바챕터원,4,20671,27,681,"서울특별시 강남구 논현로175길 101
지번 서울시 강남구 신사동 525-19",02-543-0308
Tea and Proof,4,15680,15,765,"서울특별시 강남구 양재천로 181
지번 서울시 강남구 도곡동 454",칵테일 / 와인
트웰브,4,28911,20,762,"서울특별시 강남구 압구정로72길 26 B1
지번 서울시 강남구 청담동 95-16 B1",02-548-1201
루팡,4,28321,23,750,"서울특별시 강남구 선릉로160길 5
지번 서울시 강남구 청담동 84-18",02-511-8418
셰막,3.9,256599,123,4252,"서울특별시 강남구 강남대로 442 2F
지번 서울시 강남구 역삼동 814-5 2F",02-3452-7077
레커,3.9,23246,29,211,"서울특별시 강남구 선릉로146길 27-10 1F
지번 서울시 강남구 청담동 20-2 1F",02-543-4707
Bar서랍,3.9,11201,16,246,"서울특별시 강남구 압구정로34길 24 2F
지번 서울시 강남구 신사동 613-9 2F",02-548-3484
벨뷰,3.9,16338,18,209,"서울특별시 강남구 선릉로152길 30 1F
지번 서울시 강남구 청담동 91-3 1F",010-7394-8388
루프탑클라우드,3.9,59570,27,1777,"서울특별시 강남구 테헤란로25길 10 21F
지번 서울시 강남구 역삼동 642 21F",02-2050-6035
몰트바배럴,3.9,26189,23,768,"서울특별시 강남구 삼성로104길 10 이호빌딩 2F
지번 서울시 강남구 삼성동 151-29 이호빌딩 2F",02-568-2589
Bar Tea Scent,3.9,8493,22,356,"서울특별시 강남구 선릉로162길 16 엘리자벳빌딩
지번 서울시 강남구 청담동 83-12 엘리자벳빌딩",02-6052-6579
1914라운지바,3.9,4438,12,64,"서울특별시 강남구 테헤란로 231 조선팰리스 서울강남 F24
지번 서울시 강남구 역삼동 676 조선팰리스 서울강남 F24",02-727-7640
겟올라잇,3.9,19227,10,305,"서울특별시 강남구 도산대로57길 18
지번 서울시 강남구 청담동 89-5",02-547-0895
와인쉬어리,3.9,1510,6,45,"서울특별시 강남구 논현로36길 23 1F
지번 서울시 강남구 도곡동 416-10 1F",02-6012-1382
도라지위스키,3.9,11760,11,368,"서울특별시 강남구 선릉로155길 11 B1
지번 서울시 강남구 신사동 655-5 B1",070-8844-8825
동남방앗간,3.9,18318,10,589,"서울특별시 강남구 언주로154길 16 B1
지번 서울시 강남구 신사동 631-25 B1",02-511-1224
카이포라,3.9,469,4,11,"서울특별시 강남구 도산대로55길 45 B1
지번 서울시 강남구 청담동 84-24 B1",02-544-4389
먼데이블루스,3.8,60584,28,1140,"서울특별시 서초구 강남대로53길 11 서초동삼성쉐르빌2 1F
지번 서울시 서초구 서초동 1330 서초동삼성쉐르빌2 1F",02-521-0542
스틸,3.8,19336,14,718,"서울특별시 강남구 선릉로152길 7 홍경빌딩 B1
지번 서울시 강남구 청담동 85-7 홍경빌딩 B1",02-547-2016
미스터칠드런바,3.8,15893,11,417,"서울특별시 강남구 도산대로55길 43
지번 서울시 강남구 청담동 84-25",02-545-8425
앨리스,3.7,14213,28,559,"서울특별시 강남구 도산대로55길 47
지번 서울시 강남구 청담동 84-20",02-511-8420
르캬바레도산,3.7,18221,14,567,"서울특별시 강남구 도산대로 216 청담에이든호텔 18F
지번 서울시 강남구 논현동 60-8 청담에이든호텔 18F",02-6713-6730
와인웍스,3.7,12967,11,143,"서울특별시 강남구 테헤란로 517 현대백화점무역센터점
지번 서울시 강남구 삼성동 159-7 현대백화점무역센터점",02-3467-6065
어글리,3.7,28286,16,728,"서울특별시 강남구 강남대로96길 5 5F
지번 서울시 강남구 역삼동 816-4 5F",02-501-4222
메리가든,3.7,7899,8,100,"서울특별시 강남구 봉은사로 113 호텔 더 디자이너스 리즈
지번 서울시 강남구 논현동 201-11 호텔 더 디자이너스 리즈",02-517-9702
마녀주방,3.5,52887,86,1092,"서울특별시 강남구 강남대로94길 9
지번 서울시 강남구 역삼동 818-14",070-4240-1116
파복스,3.5,58483,39,1568,"서울특별시 강남구 테헤란로1길 26
지번 서울시 강남구 역삼동 817-10",02-3452-3489
플랫나인,3.5,7140,16,128,"서울특별시 서초구 강남대로65길 10 5F
지번 서울시 서초구 서초동 1308-15 5F",02-532-9630
데노체,3.5,4856,7,74,"서울특별시 강남구 압구정로2길 46 1F
지번 서울시 강남구 신사동 510-11 1F",02-545-4005
오늘와인한잔,3.5,5728,7,46,"서울특별시 강남구 강남대로96길 11-4 B1
지번 서울시 강남구 역삼동 817-16 B1",02-555-0535
컬렉션라운지,3.4,19306,38,453,"서울특별시 강남구 압구정로10길 33
지번 서울시 강남구 신사동 534",070-4229-0050
아브라소812,3.4,10414,14,241,"서울특별시 강남구 봉은사로4길 29 B1
지번 서울시 강남구 역삼동 812 B1",070-8810-0812
와인코르크,3.4,28653,21,625,"서울특별시 강남구 테헤란로1길 28-9
지번 서울시 강남구 역삼동 817-30",02-501-6335
월매네주막,3.4,13597,14,122,"서울특별시 서초구 강남대로 437 1F
지번 서울시 서초구 서초동 1305-3 1F",02-537-6684
고센,3.3,21481,74,356,"서울특별시 강남구 선릉로158길 18
지번 서울시 강남구 청담동 88-23",02-515-1863
엘세뇨르둘세,3.2,6793,14,191,"서울특별시 강남구 도산대로101길 22
지번 서울시 강남구 청담동 128-6",02-516-6157
카페슬로우,3.2,46414,52,933,"서울특별시 서초구 서초대로77길 35 1F
지번 서울시 서초구 서초동 1308-12 1F",02-3482-0111
아실라,3.1,26995,19,588,"서울특별시 강남구 강남대로98길 16 파빌리온빌딩 B1
지번 서울시 강남구 역삼동 817-35 파빌리온빌딩 B1",02-508-4665
화이트바,없음,14347,13,347,"서울특별시 강남구 압구정로80길 30 삼도빌딩 B1
지번 서울시 강남구 청담동 93-14 삼도빌딩 B1",02-6207-7429
더라이온스덴,없음,22351,14,396,"서울특별시 강남구 선릉로158길 7
지번 서울시 강남구 청담동 84-11",02-512-1136
문온더씨,없음,3934,11,73,"서울특별시 강남구 삼성로82길 19 B1
지번 서울시 강남구 대치동 956-28 B1",02-501-0111
바 밀라,없음,3177,3,79,"서울특별시 강남구 삼성로149길 13 2F
지번 서울시 강남구 청담동 12-12 2F",02-544-4761
볼트82,없음,71727,23,2117,"서울특별시 강남구 압구정로72길 22
지번 서울시 강남구 청담동 95-15",02-544-9234
호사,없음,3298,12,67,"서울특별시 강남구 선릉로148길 39
지번 서울시 강남구 청담동 3-15",02-545-9259
페타테,없음,22771,9,628,"서울특별시 강남구 압구정로14길 32 2F
지번 서울시 강남구 신사동 546-20 2F",02-516-3342
크르크르,없음,1619,5,60,"서울특별시 강남구 압구정로42길 25-10 5F
지번 서울시 강남구 신사동 643-20 5F",070-7738-3249
사이드웨이,없음,48869,30,812,"서울특별시 강남구 강남대로98길 28
지번 서울시 강남구 역삼동 817-38",02-555-9925
화빙장,없음,7902,4,248,"서울특별시 강남구 압구정로50길 8
지번 서울시 강남구 신사동 660-10",02-540-2999
루프탑바,없음,11570,11,176,"서울특별시 강남구 봉은사로 155 호텔 카푸치노 17F
지번 서울시 강남구 논현동 206-1 호텔 카푸치노 17F",02-2038-9618
노마드,없음,6394,8,114,"서울특별시 강남구 도산대로101길 28
지번 서울시 강남구 청담동 128-3",02-511-1283
레솔베르,없음,3260,2,27,"서울특별시 강남구 도산대로57길 13-4 2F
지번 서울시 강남구 청담동 88-29 2F",010-2969-9154
삼성리,없음,10696,5,129,"서울특별시 강남구 봉은사로86길 28
지번 서울시 강남구 삼성동 148-10",02-6401-0200
타로맨스,없음,4847,7,70,"서울특별시 강남구 도곡로11길 10
지번 서울시 강남구 역삼동 835-33",010-4983-9410
모드라운지,없음,1812,35,31,"서울특별시 서초구 서초대로77길 37 월드상가 10F
지번 서울시 서초구 서초동 1308-10 월드상가 10F",0507-1365-8923
청담대패당,없음,5645,5,105,"서울특별시 강남구 도산대로 420 청담스퀘어 타워빌딩 320호
지번 서울시 강남구 청담동 3 청담스퀘어 타워빌딩 320호",02-6480-8989
서울러,없음,6367,8,130,"서울특별시 강남구 강남대로152길 69 B1
지번 서울시 강남구 신사동 540-18 B1",010-9929-6199
바인하우스,없음,3885,5,49,"서울특별시 강남구 도산대로89길 13 B1
지번 서울시 강남구 청담동 123-53 B1",070-4231-6616
오르빗,없음,855,3,38,"서울특별시 강남구 선릉로157길 13 B1
지번 서울시 강남구 신사동 657-36 B1",02-548-3828
루베크,없음,13672,10,169,"서울특별시 서초구 서초대로73길 50 대원빌딩 4F
지번 서울시 서초구 서초동 1309-5 대원빌딩 4F",02-594-1016
압구정의 하루일과,없음,3544,5,55,"서울특별시 강남구 압구정로29길 71 현대상가 2동 1F
지번 서울시 강남구 압구정동 369-1 현대상가 2동 1F",02-547-6611
더미트,없음,9366,16,74,"서울특별시 강남구 봉은사로2길 19
지번 서울시 강남구 역삼동 810-4",02-557-1122
헬로우,없음,47498,22,1516,"서울특별시 강남구 논현로151길 55 호경빌딩 B1
지번 서울시 강남구 신사동 541-2 호경빌딩 B1",02-541-4427
콜마인,없음,643,0,12,"서울특별시 강남구 압구정로50길 5-12 B1
지번 서울시 강남구 신사동 661-10 B1",070-8623-9779
멜랑즈,없음,7020,5,268,"서울특별시 강남구 도산대로50길 16 2F
지번 서울시 강남구 논현동 96-11 2F",02-512-5980
게스후,없음,7111,4,92,"서울특별시 강남구 논현로 819 MK빌딩 B1
지번 서울시 강남구 신사동 586 MK빌딩 B1",02-547-9063
판치야,없음,2736,1,19,"서울특별시 강남구 학동로53길 29 대림빌딩
지번 서울시 강남구 논현동 109-26 대림빌딩",010-4349-3323
영화와인셀러,없음,2824,2,12,"서울특별시 강남구 언주로93길 32-6
지번 서울시 강남구 역삼동 672-33",02-553-7233
제이앤제이슨,없음,22783,9,221,"서울특별시 강남구 도산대로49길 31 B1
지번 서울시 강남구 신사동 647-14 B1",010-7430-7053
펄쉘프리미에,없음,5047,4,169,"서울특별시 강남구 압구정로42길 49 B1
지번 서울시 강남구 신사동 645-28 B1",02-3446-0916
크레이지와인바,없음,5145,2,41,"서울특별시 강남구 도산대로51길 41 2F
지번 서울시 강남구 신사동 657-21 2F",02-516-9994
믹솔로지,없음,5429,10,144,"서울특별시 강남구 도산대로58길 18 B1
지번 서울시 강남구 청담동 22-14 B1",02-511-8214
누앙스미묘한차이,없음,4531,9,103,"서울특별시 강남구 압구정로72길 7
지번 서울시 강남구 청담동 99-1",02-514-8077
피플더테라스,없음,7775,8,92,"서울특별시 강남구 도산대로81길 13
지번 서울시 강남구 청담동 118-19",02-511-8113
디태치먼트,없음,5717,4,119,"서울특별시 강남구 논현로151길 18
지번 서울시 강남구 신사동 562-13",02-511-8782
데일리 청담,없음,2551,4,34,"서울특별시 강남구 선릉로152길 21 영인빌딩
지번 서울시 강남구 청담동 89-6 영인빌딩",0507-1331-8648
엠바고,없음,751,2,19,"서울특별시 강남구 선릉로146길 27-3 1F
지번 서울시 강남구 청담동 21-14 1F",0507-1486-8026
비랩,없음,9402,8,37,"서울특별시 강남구 강남대로98길 10 2F
지번 서울시 강남구 역삼동 817-1 2F",010-2780-1245
일곱잔,없음,1937,5,33,"서울특별시 강남구 도산대로11길 5 2F 202호
지번 서울시 강남구 신사동 514-9 2F 202호",0507-1326-8158
하우스오브알케미,없음,7195,6,155,"서울특별시 강남구 압구정로 102 라까사호텔
지번 서울시 강남구 신사동 527-4 라까사호텔",02-6190-0909
그늘,없음,145,5,5,"서울특별시 강남구 도산대로66길 13
지번 서울시 강남구 청담동 18-23",02-540-1318
셜록,없음,4879,8,118,"서울특별시 강남구 도산대로83길 17 B1
지번 서울시 강남구 청담동 117-38 B1",070-8885-0221
비비노 알트로몬도,없음,528,3,12,"서울특별시 강남구 도산대로17길 39 예지빌딩 B1
지번 서울시 강남구 신사동 544-26 예지빌딩 B1",0507-1375-3606
로비라운지바,없음,3042,5,25,"서울특별시 강남구 봉은사로 524 코엑스인터콘티넨탈서울 1F
지번 서울시 강남구 삼성동 159 코엑스인터콘티넨탈서울 1F",02-3430-8603
더더치치즈앤모어,없음,1591,3,22,"서울특별시 강남구 선릉로 660
지번 서울시 강남구 삼성동 8-2",칵테일 / 와인
키퍼스,없음,5295,2,122,"서울특별시 강남구 선릉로152길 18 B1
지번 서울시 강남구 청담동 87-9 B1",02-549-9992
레 부르주아,없음,2569,2,53,"서울특별시 강남구 강남대로152길 46 2F
지번 서울시 강남구 신사동 537-4 2F",02-6085-5695
오늘와인한잔,없음,4566,7,39,"서울특별시 강남구 강남대로156길 40
지번 서울시 강남구 신사동 516-10",070-4098-7006
와인북카페,없음,12795,9,240,"서울특별시 강남구 논현로149길 5
지번 서울시 강남구 논현동 8-9",02-549-0490
머스크,없음,2596,5,77,"서울특별시 강남구 언주로152길 14 로데오빌딩
지번 서울시 강남구 신사동 630-21 로데오빌딩",02-543-6321
하이퍼서울,없음,4723,2,66,"서울특별시 강남구 강남대로96길 15 B1
지번 서울시 강남구 역삼동 817-18 B1",010-9891-9615
코미디클럽,없음,2099,1,5,"서울특별시 강남구 도산대로 507 B1
지번 서울시 강남구 청담동 120-3 B1",02-543-1123
공베르,없음,1791,3,40,"서울특별시 강남구 압구정로50길 28 113호
지번 서울시 강남구 신사동 658 113호",02-517-0872
패리스비치,없음,4273,3,85,"서울특별시 강남구 압구정로42길 36
지번 서울시 강남구 신사동 635-14",02-3444-1905
시카고갤러리라운지,없음,6788,1,12,"서울특별시 강남구 도산대로 205
지번 서울시 강남구 신사동 587-1",1566-1263
곰방대 (휴업중),없음,3873,4,20,"서울특별시 강남구 학동로6길 53 B1
지번 서울시 강남구 논현동 158-35 B1",010-2862-1991
휴일,없음,2793,4,62,"서울특별시 강남구 역삼로3길 20-4 영광빌딩 B1
지번 서울시 강남구 역삼동 830-9 영광빌딩 B1",02-568-9901
청담니은,없음,2538,4,42,"서울특별시 강남구 도산대로70길 9 B
지번 서울시 강남구 청담동 13 B",010-2786-5948
한량블루스,없음,1347,3,11,"서울특별시 서초구 서초대로75길 45 3F
지번 서울시 서초구 서초동 1308-2 3F",02-533-5759
로얄라운지,없음,3912,2,24,"서울특별시 강남구 논현로 709
지번 서울시 강남구 논현동 36-8",02-514-1247
So What,없음,3475,2,58,"서울특별시 강남구 도산대로17길 22
지번 서울시 강남구 신사동 560-6",010-7343-0212
낰낰,없음,1004,2,19,"서울특별시 강남구 학동로11길 20-7 B2
지번 서울시 강남구 논현동 41-13 B2",0507-1429-9087
와인바 컨티뉴엄,없음,962,1,18,"서울특별시 강남구 테헤란로 231 EAST E205호
지번 서울시 강남구 역삼동 676 EAST E205호",010-8296-7214
보바베어,없음,14805,10,92,"서울특별시 강남구 압구정로12길 13 2F
지번 서울시 강남구 신사동 547-2 2F",02-3445-8585
개츠비 바이리,없음,4475,3,107,"서울특별시 강남구 도산대로55길 37 B1
지번 서울시 강남구 청담동 84-14 B1",02-511-2606
샴,없음,7519,3,124,"서울특별시 강남구 압구정로46길 5-6
지번 서울시 강남구 신사동 660-17",070-4125-6413
제너릭,없음,791,4,26,"서울특별시 강남구 삼성로 730 5F
지번 서울시 강남구 청담동 63-12 5F",0507-1369-2382
뱀파이어 위켄드 와인바,없음,2807,2,22,"서울특별시 강남구 삼성로140길 6 라파빌딩 B1
지번 서울시 강남구 청담동 63-11 라파빌딩 B1",02-516-5571
레브,없음,398,2,8,"서울특별시 강남구 언주로172길 54 1F
지번 서울시 강남구 신사동 663 1F",070-4120-5500
애니오케이션 베이스먼트,없음,299,1,17,"서울특별시 강남구 도산대로51길 14 B2
지번 서울시 강남구 신사동 654-12 B2",0507-1430-1471
B28,없음,5048,15,199,"서울특별시 강남구 도산대로55길 24 B1
지번 서울시 강남구 청담동 88-2 B1",010-3402-2828
비노쿠스테이블,없음,1853,2,96,"서울특별시 강남구 학동로44길 26
지번 서울시 강남구 논현동 247-7",070-8807-2477
쿨쉽다이닝,없음,866,2,51,"서울특별시 강남구 도산대로25길 43 2F
지번 서울시 강남구 신사동 553-25 2F",010-4695-5425
제이앤엘클래식바,없음,5172,1,46,"서울특별시 강남구 도산대로45길 14
지번 서울시 강남구 신사동 650-16",02-545-0890
싸우나 뮤직바,없음,2051,1,6,"서울특별시 강남구 도산대로87길 11
지번 서울시 강남구 청담동 122-30",02-3448-8897
뉴욕바,없음,510,1,1,"서울특별시 강남구 강남대로84길 24-4 B1
지번 서울시 강남구 역삼동 827-3 B1",0507-1368-8516
프레임 FRAME,없음,375,1,24,"서울특별시 강남구 도산대로11길 32 2F
지번 서울시 강남구 신사동 535-8 2F",02-499-9731
와인주막차차,없음,9067,6,127,"서울특별시 강남구 논현로94길 25-5 화가빌딩 2F
지번 서울시 강남구 역삼동 670-17 화가빌딩 2F",02-554-0722
노퍼블릭 하우스,없음,2304,3,19,"서울특별시 강남구 논현로159길 65 3F
지번 서울시 강남구 신사동 545-1 3F",02-540-3714
베리블라썸,없음,2388,2,15,"서울특별시 강남구 선릉로148길 21 1F
지번 서울시 강남구 청담동 2-18 1F",02-3443-8855
이더웨이,없음,1056,2,11,"서울특별시 강남구 강남대로124길 3-6 호은빌딩 2F
지번 서울시 강남구 논현동 143-16 호은빌딩 2F",02-6952-0899
육다시구,없음,506,2,17,"서울특별시 강남구 논현로149길 40
지번 서울시 강남구 논현동 6-9",02-6080-4069
라이트룸,없음,121,1,2,"서울특별시 강남구 선릉로157길 20-5 신사빌딩 B1
지번 서울시 강남구 신사동 663-7 신사빌딩 B1",0507-1353-8414
스몰치즈박스,없음,63,1,0,"서울특별시 강남구 논현로159길 25 102호
지번 서울시 강남구 신사동 566-6 102호",0507-1326-6514
원가바,없음,12341,8,125,"서울특별시 강남구 강남대로94길 23 3F
지번 서울시 강남구 역삼동 818-7 3F",02-557-3226
세이버리,없음,7656,5,41,"서울특별시 강남구 테헤란로19길 21
지번 서울시 강남구 역삼동 637-29",070-4115-8668
그레이트후카바,없음,8246,4,53,"서울특별시 서초구 서초대로77길 37 서초동월드 401호
지번 서울시 서초구 서초동 1308-10 서초동월드 401호",02-6247-0808
서울살롱,없음,4806,4,73,"서울특별시 강남구 언주로164길 41 B1
지번 서울시 강남구 신사동 646-22 B1",010-9120-6706
오늘와인한잔,없음,1798,4,9,"서울특별시 강남구 봉은사로1길 33 논현빌딩 1F
지번 서울시 강남구 논현동 165-13 논현빌딩 1F",02-540-5156
미스터사이몬,없음,2156,4,22,"서울특별시 강남구 선릉로155길 13-1 1F
지번 서울시 강남구 신사동 655-7 1F",02-3445-6108
바러프,없음,567,1,8,"서울특별시 강남구 선릉로155길 12 104호
지번 서울시 강남구 신사동 657-1 104호",010-6463-3226
나인오어,없음,94,1,10,"서울특별시 강남구 테헤란로104길 19
지번 서울시 강남구 대치동 1000",칵테일 / 와인
파티피플,없음,7,1,0,"서울특별시 강남구 도산대로 429 1F
지번 서울시 강남구 청담동 91-8 1F",0507-1332-5682
Kompakt Record Bar,없음,6672,7,126,"서울특별시 강남구 도산대로25길 46
지번 서울시 강남구 신사동 566-1",010-2718-5866
파복스,없음,5095,6,78,"서울특별시 강남구 논현로151길 17 1F
지번 서울시 강남구 신사동 563-18 1F",02-3444-5684
매니아스트리트,없음,5285,2,83,"서울특별시 강남구 압구정로2길 57 1F
지번 서울시 강남구 신사동 516-18 1F",010-3862-5516
오디언스,없음,1230,2,20,"서울특별시 강남구 도산대로45길 8-8 B1
지번 서울시 강남구 신사동 651-9 B1",070-8802-0380
비노아미쿠스,없음,470,1,10,"서울특별시 강남구 양재천로 191 105-1호
지번 서울시 강남구 도곡동 454-5 105-1호",02-574-0988
까사델비노,없음,12404,8,179,"서울특별시 강남구 선릉로162길 43
지번 서울시 강남구 청담동 80-5",02-542-8003
캐시바,없음,5264,4,20,"서울특별시 강남구 봉은사로2길 10
지번 서울시 강남구 역삼동 809-2",02-565-5465
와인어클락,없음,3918,4,38,"서울특별시 강남구 강남대로106길 14 오성빌딩 2F
지번 서울시 강남구 역삼동 813-2 오성빌딩 2F",02-563-2200
트리하우스,없음,6167,3,120,"서울특별시 강남구 삼성로104길 21
지번 서울시 강남구 삼성동 148-13",02-556-2017
레 끌레 드 크리스탈,없음,1182,3,36,"서울특별시 강남구 압구정로79길 8 하나빌딩 2-3F
지번 서울시 강남구 청담동 119-8 하나빌딩 2-3F",02-515-1198
라뷸,없음,8049,2,362,"서울특별시 강남구 압구정로80길 24 B1
지번 서울시 강남구 청담동 95-5 B1",02-511-5692
하프컷,없음,1907,2,27,"서울특별시 강남구 삼성로75길 32 1F 101호
지번 서울시 강남구 대치동 901-60 1F 101호",02-6053-1919
청담하우스바,없음,3494,1,27,"서울특별시 강남구 선릉로152길 21
지번 서울시 강남구 청담동 89-6",010-3241-7456
타임,없음,2440,1,23,"서울특별시 강남구 선릉로 344
지번 서울시 강남구 대치동 908",칵테일 / 와인
록키,없음,76,4,3,"서울특별시 강남구 압구정로10길 30-7
지번 서울시 강남구 신사동 524-21",칵테일 / 와인
에스653,없음,5063,2,27,"서울특별시 강남구 도산대로51길 19
지번 서울시 강남구 신사동 653-4",010-3700-1117
Esum,없음,4536,2,63,"서울특별시 강남구 봉은사로4길 32 B1
지번 서울시 강남구 역삼동 813-3 B1",010-9281-3828
그랑아 2,없음,2217,2,3,"서울특별시 강남구 봉은사로 130
지번 서울시 강남구 역삼동 603",02-531-6868
영심이와세컨드바,없음,3909,1,35,"서울특별시 강남구 테헤란로84길 9
지번 서울시 강남구 대치동 943-8",02-555-9438
SMT House Lobby Lounge,없음,1774,1,16,"서울특별시 강남구 압구정로79길 58 1F
지번 서울시 강남구 청담동 125-24 1F",02-515-9201
보야저,없음,260,1,7,"서울특별시 강남구 도산대로45길 10-2 B1
지번 서울시 강남구 신사동 651-2 B1",070-8886-7799
원하프라운지펍,없음,100,1,2,"서울특별시 강남구 가로수길 19 B1
지번 서울시 강남구 신사동 536-18 B1",0507-1332-3756
오픈엔드,없음,90,1,1,"서울특별시 강남구 도산대로51길 14 3F
지번 서울시 강남구 신사동 654-12 3F",0507-1302-5883
디깅,없음,8083,4,85,"서울특별시 강남구 테헤란로10길 14 B1
지번 서울시 강남구 역삼동 823-8 B1",02-562-1014
도시문,없음,770,4,17,"서울특별시 강남구 남부순환로351길 4
지번 서울시 강남구 도곡동 957",02-579-3002
코르바니w,없음,960,3,18,"서울특별시 강남구 도산대로11길 31-7
지번 서울시 강남구 신사동 517-25",0507-1442-8923
도쿄재즈,없음,10361,2,68,"서울특별시 강남구 테헤란로87길 45 삼성빌딩
지번 서울시 강남구 삼성동 153-44 삼성빌딩",02-3453-4472
부쉬윅,없음,3747,2,19,"서울특별시 강남구 선릉로153길 34 B1
지번 서울시 강남구 신사동 647-23 B1",010-8482-8432
계곡,없음,4257,1,51,"서울특별시 강남구 도산대로51길 36 B1
지번 서울시 강남구 신사동 655 B1",070-8833-4705
아지트,없음,3141,1,13,"서울특별시 강남구 도산대로46길 21 한진로즈힐아파트상가 B1
지번 서울시 강남구 논현동 105-4 한진로즈힐아파트상가 B1",02-548-1121
솔레라,없음,768,1,5,"서울특별시 강남구 논현로26길 46-12 1F
지번 서울시 강남구 도곡동 457-6 1F",02-3463-2021
유어네이키드치즈,없음,226,3,21,"서울특별시 강남구 압구정로10길 35-1 4F
지번 서울시 강남구 신사동 534-6 4F",0507-1330-9036
마토,없음,4452,2,46,"서울특별시 강남구 선릉로146길 23 4F
지번 서울시 강남구 청담동 21-21 4F",02-543-0488
설천와인하우스,없음,1288,2,21,"서울특별시 강남구 논현로24길 9 1F
지번 서울시 강남구 도곡동 449-7 1F",0507-1443-4679
더부즈,없음,1834,1,32,"서울특별시 강남구 도산대로85길 13 B1
지번 서울시 강남구 청담동 121-30 B1",02-547-8002
문빔,없음,1096,1,16,"서울특별시 강남구 압구정로2길 35
지번 서울시 강남구 신사동 519-1",070-8865-9225
바제라늄,없음,322,1,22,"서울특별시 강남구 도산대로55길 37 1F
지번 서울시 강남구 청담동 84-14 1F",02-3445-1101
비크 이 뮈르달,없음,221,1,4,"서울특별시 강남구 봉은사로 123 리체힐신논현오피스텔 F101호
지번 서울시 강남구 논현동 202-9 리체힐신논현오피스텔 F101호",0507-1365-7234
볼륨엘피바,없음,26,1,3,"서울특별시 강남구 선릉로157길 14
지번 서울시 강남구 신사동 663-23",02-515-5544
배산임수,없음,813,0,38,"서울특별시 강남구 영동대로106길 9 5F
지번 서울시 강남구 삼성동 160-22 5F",02-555-0655
까치양조장,없음,4067,6,68,"서울특별시 강남구 봉은사로4길 23 2-3F
지번 서울시 강남구 역삼동 811-13 2-3F",02-558-9933
블랙바 스테이크하우스,없음,1879,4,15,"서울특별시 강남구 테헤란로 610 B1
지번 서울시 강남구 대치동 995-16 B1",02-6012-7429
시그넷드링킹앤더슨,없음,5179,3,88,"서울특별시 강남구 언주로 118
지번 서울시 강남구 도곡동 467-24",02-576-6891
버틀러,없음,2360,3,41,"서울특별시 강남구 논현로151길 41 상운빌딩 102호
지번 서울시 강남구 신사동 561 상운빌딩 102호",02-541-9587
피헨,없음,367,2,9,"서울특별시 강남구 도산대로30길 39
지번 서울시 강남구 논현동 75",02-543-7187
라운지칠,없음,3327,1,28,"서울특별시 강남구 강남대로122길 14 B1
지번 서울시 강남구 논현동 166-2 B1",02-540-3409
